-- phpMyAdmin SQL Dump
-- version 5.2.1
-- https://www.phpmyadmin.net/
--
-- Máy chủ: 127.0.0.1
-- Thời gian đã tạo: Th10 24, 2023 lúc 06:48 AM
-- Phiên bản máy phục vụ: 10.4.28-MariaDB
-- Phiên bản PHP: 8.0.28

SET SQL_MODE = "NO_AUTO_VALUE_ON_ZERO";
START TRANSACTION;
SET time_zone = "+00:00";


/*!40101 SET @OLD_CHARACTER_SET_CLIENT=@@CHARACTER_SET_CLIENT */;
/*!40101 SET @OLD_CHARACTER_SET_RESULTS=@@CHARACTER_SET_RESULTS */;
/*!40101 SET @OLD_COLLATION_CONNECTION=@@COLLATION_CONNECTION */;
/*!40101 SET NAMES utf8mb4 */;

--
-- Cơ sở dữ liệu: `duan1nhom5`
--

-- --------------------------------------------------------

--
-- Cấu trúc bảng cho bảng `binhluan`
--

CREATE TABLE `binhluan` (
  `id` int(10) NOT NULL,
  `noidung` varchar(255) NOT NULL,
  `iduser` int(10) NOT NULL,
  `idpro` int(10) NOT NULL,
  `ngaybinhluan` datetime DEFAULT NULL
) ENGINE=InnoDB DEFAULT CHARSET=utf8mb4 COLLATE=utf8mb4_general_ci;

--
-- Đang đổ dữ liệu cho bảng `binhluan`
--

INSERT INTO `binhluan` (`id`, `noidung`, `iduser`, `idpro`, `ngaybinhluan`) VALUES
(154, 'Chất lượng tốt', 43, 38, '2023-10-09 21:24:58'),
(158, 'Tốt lắmmmmm', 47, 8, '2023-10-09 21:26:14'),
(159, 'Ok', 46, 38, '2023-10-12 14:36:03'),
(161, 'Tốt lắmmmmm', 46, 37, '2023-10-14 11:01:22'),
(168, 'Hay', 42, 38, '2023-10-21 16:10:28'),
(200, '', 43, 37, '2023-10-22 09:02:22'),
(201, '', 43, 37, '2023-10-22 09:02:23'),
(202, '', 43, 37, '2023-10-22 09:02:44'),
(203, 'Tuyệt', 43, 38, '2023-10-22 10:35:33'),
(204, 'Tốt lắmmmmm', 43, 38, '2023-10-22 10:35:38');

-- --------------------------------------------------------

--
-- Cấu trúc bảng cho bảng `danhmuc`
--

CREATE TABLE `danhmuc` (
  `id` int(11) NOT NULL,
  `name` varchar(255) NOT NULL
) ENGINE=InnoDB DEFAULT CHARSET=utf8mb4 COLLATE=utf8mb4_general_ci;

--
-- Đang đổ dữ liệu cho bảng `danhmuc`
--

INSERT INTO `danhmuc` (`id`, `name`) VALUES
(1, 'Laptop'),
(2, 'Điện Thoại'),
(22, 'PC'),
(23, 'Máy Tính');

-- --------------------------------------------------------

--
-- Cấu trúc bảng cho bảng `sanpham`
--

CREATE TABLE `sanpham` (
  `id` int(11) NOT NULL,
  `name` varchar(255) NOT NULL,
  `price` double(10,2) NOT NULL DEFAULT 0.00,
  `img` varchar(255) NOT NULL,
  `mota` text NOT NULL,
  `luotxem` int(11) NOT NULL DEFAULT 0,
  `iddm` int(11) NOT NULL
) ENGINE=InnoDB DEFAULT CHARSET=utf8mb4 COLLATE=utf8mb4_general_ci;

--
-- Đang đổ dữ liệu cho bảng `sanpham`
--

INSERT INTO `sanpham` (`id`, `name`, `price`, `img`, `mota`, `luotxem`, `iddm`) VALUES
(1, 'Apple MacBook Air M1', 15430000.00, 'Laptop1.jpg', 'Sản phẩm cấu hình cơ bản bao gồm một GPU bảy lõi, bộ nhớ lưu trữ 256GB SSD, cũng như 8GB RAM bộ nhớ. Phiên bản nâng cấp với GPU tám lõi và bộ nhớ 512GB SSD có giá khởi điểm là 1249$. Cấu hình tối đa sẽ bao gồm 16GB RAM và 2TB dung lượng lưu trữ. Máy có ba tuỳ chọn màu sắc giống sản phẩm tiền nhiệm bao gồm vàng (gold), bạc (silver) và xám không gian (Space gray)', 10, 1),
(2, 'iPhone 14 Pro Max', 24890000.00, 'iPhone 14 Pro Max.jpg', 'Những dòng iPhone đến từ nhà Apple đều có sức hút đặc biệt ngay từ thời điểm ra mắt và thế hệ iPhone 14 Pro Max cũng không ngoại lệ. Có thể nói, iPhone 14 Pro Max là sự kết hợp hoàn hảo giữa các yếu tố về thiết kế, cấu hình, tính năng, hệ điều hành,... Nếu bạn tò mò về siêu phẩm này, hãy đọc ngay phần đánh giá chi tiết phiên bản cao cấp nhất trong series iPhone 14 bên dưới nhé. ', 9, 2),
(3, 'Laptop Asus VivoBook Go 14', 21030000.00, 'Laptop Asus VivoBook Go 14.jpg', 'ASUS Vivobook E1404FA-NK186W thuộc dòng Vivobook Go 14, dòng laptop hiệu năng cao giá rẻ giúp bạn làm việc hiệu quả mọi lúc mọi nơi. Với bộ vi xử lý AMD 7000 series mạnh mẽ, trang bị sẵn tới 16GB RAM, 512GB SSD, Vivobook E1404FA sẽ mang đến trải nghiệm làm việc thoải mái, vô cùng mượt mà.', 9, 1),
(5, 'Laptop Lenovo Ideapad 5 Pro', 10999000.00, 'Laptop Lenovo Ideapad 5 Pro.jpg', 'Lenovo Ideapad 5 Pro 16 là chiếc laptop, máy tính xách tay thời đại mới dành cho các bạn trẻ đa nhiệm, năng động với vẻ ngoài hiện đại, mỏng nhẹ nhưng bên trong lại chứa một hiệu năng cực khủng. Bên cạnh đó, chiếc laptop Lenovo - Lenovo Ideapad này cũng được tích hợp nhiều công nghệ hiện đại, tối ưu tốt cho trải nghiệm sử dụng. Chắc chắn, mẫu laptop mỏng nhẹ này sẽ khiến bạn phải bất ngờ đấy. Hãy cùng Laptop88 đánh giá ngay mẫu laptop văn phòng này dưới đây nhé!', 10, 1),
(6, 'Xiaomi Redmi Note 12 Pro', 11680000.00, 'Xiaomi Redmi Note 12 Pro.jpg', 'Samsung S23 Ultra là dòng điện thoại cao cấp của Samsung, sở hữu camera độ phân giải 200MP ấn tượng, chip Snapdragon 8 Gen 2 mạnh mẽ, bộ nhớ RAM 8GB mang lại hiệu suất xử lý vượt trội cùng khung viền vuông vức sang trọng. Sản phẩm được ra mắt từ đầu năm 2023.', 9, 2),
(8, 'Laptop Lenovo Ideapad 5 Pro', 13560000.00, 'Laptop Lenovo Ideapad 5 Pro.jpg', 'Lenovo Ideapad 5 Pro 16 là chiếc laptop, máy tính xách tay thời đại mới dành cho các bạn trẻ đa nhiệm, năng động với vẻ ngoài hiện đại, mỏng nhẹ nhưng bên trong lại chứa một hiệu năng cực khủng. Bên cạnh đó, chiếc laptop Lenovo - Lenovo Ideapad này cũng được tích hợp nhiều công nghệ hiện đại, tối ưu tốt cho trải nghiệm sử dụng. Chắc chắn, mẫu laptop mỏng nhẹ này sẽ khiến bạn phải bất ngờ đấy. Hãy cùng Laptop88 đánh giá ngay mẫu laptop văn phòng này dưới đây nhé!', 10, 1),
(9, 'Xiaomi Redmi Note 12 Pro', 14670000.00, 'Xiaomi Redmi Note 12 Pro.jpg', 'Samsung S23 Ultra là dòng điện thoại cao cấp của Samsung, sở hữu camera độ phân giải 200MP ấn tượng, chip Snapdragon 8 Gen 2 mạnh mẽ, bộ nhớ RAM 8GB mang lại hiệu suất xử lý vượt trội cùng khung viền vuông vức sang trọng. Sản phẩm được ra mắt từ đầu năm 2023.', 9, 2),
(10, 'Macbook Air 15 inch M2 2023', 18990000.00, 'Macbook Air 15 inch M2 2023.jpg', 'Vận hành doanh nghiệp trên MacBook Air M2. Siêu mạnh mẽ với chip M2 thế hệ tiếp theo, MacBook Air được thiết kế mới nay nhỏ gọn hơn bao giờ hết, kết hợp giữa hiệu năng đáng kinh ngạc và thời lượng pin lên đến 18 giờ trong vỏ nhôm mỏng đầy ấn tượng.1 Nhờ đó, tất cả các bộ phận từ kinh doanh đến tài chính đều có thể làm việc năng suất hơn dù ở bất cứ đâu.', 9, 1),
(35, 'iPhone 15 Pro Max 256GB', 34990000.00, '1696742315638307989548944936_iphone-15-promax-xanh-1.webp', 'iPhone 15 Pro Max là chiếc iPhone cao cấp nhất với màn hình lớn nhất, thời lượng pin tốt nhất, cấu hình mạnh nhất và thiết kế khung Titan chuẩn hàng không vũ trụ siêu bền, siêu nhẹ. iPhone 15 Pro Max sở hữu những điểm vượt trội nhất nhà Apple. Theo đó, người dùng sẽ trải nghiệm chiếc iPhone cao cấp với hiệu năng “khủng” chip A17 Pro, khung titan, khả năng zoom nâng cấp, nút tác vụ mới,…', 0, 2),
(37, 'iPhone 13 Pro 128GB', 24869000.00, '1696742538637862362161472689_iphone-13-pro-max-bac-1.webp', 'Tận hưởng tốc độ khó tin trên chiếc smartphone nhanh nhất thế giới, iPhone 13 Pro với màn hình ProMotion 120Hz đột phá, bộ vi xử lý A15 Bionic cho hiệu năng không đối thủ, thời lượng pin vượt trội và bộ 3 camera được nâng cấp đáng kể, xứng đáng là chiếc điện thoại đầu bảng trên thị trường.', 0, 2),
(38, 'PC Gaming E-Power F1650', 10890000.00, '1696742850638256251704894459_pc-gaming-e-power-f1650-i5-10400f-1.webp', 'PC Gaming E-Power F1650 là case máy tính chơi game nhỏ gọn, giá tốt, cấu hình cao trong tầm giá. Bộ vi xử lý Intel Core i5 10400F kết hợp cùng card đồ họa GTX 1650 đủ để chơi tốt các game Esports và trải nghiệm một số game AAA phổ biến.', 0, 22);

-- --------------------------------------------------------

--
-- Cấu trúc bảng cho bảng `taikhoan`
--

CREATE TABLE `taikhoan` (
  `id` int(11) NOT NULL,
  `user` varchar(50) NOT NULL,
  `pass` varchar(50) NOT NULL,
  `email` varchar(255) NOT NULL,
  `address` varchar(255) DEFAULT NULL,
  `tel` varchar(20) DEFAULT NULL,
  `role` int(11) NOT NULL DEFAULT 0
) ENGINE=InnoDB DEFAULT CHARSET=utf8mb4 COLLATE=utf8mb4_general_ci;

--
-- Đang đổ dữ liệu cho bảng `taikhoan`
--

INSERT INTO `taikhoan` (`id`, `user`, `pass`, `email`, `address`, `tel`, `role`) VALUES
(42, 'vanh', '11', 'trangvan084@gmail.com', 'xã Thượng Mỗ, huyện Đan Phượng', '0969621079', 0),
(43, 'vanhdz', '1', 'tranvanh2k4@com', 'Thượng Mỗ, Hà Nội', '0969621079', 1),
(45, 'vanh2', '1', 'tranvanh2k4@gmail.com', NULL, NULL, 0),
(46, 'ph39998', '1', 'tranvanh2kk4@gmail.com', NULL, NULL, 0),
(47, 'nhatvjpno1', '1', 'nhatcaca2004@gmail.com', NULL, NULL, 0),
(48, 'vanhday', '1', 'vanhdayyyyyyyyyyyyy@gmail.com', NULL, NULL, 0),
(57, 'vanhvanh', '12345', 'tranvanh2kk4@gmail.com', 'xã Thượng Mỗ, huyện Đan Phượng,Hà Nội', '756756756', 0);

--
-- Chỉ mục cho các bảng đã đổ
--

--
-- Chỉ mục cho bảng `binhluan`
--
ALTER TABLE `binhluan`
  ADD PRIMARY KEY (`id`),
  ADD KEY `idpro` (`idpro`),
  ADD KEY `iduser` (`iduser`);

--
-- Chỉ mục cho bảng `danhmuc`
--
ALTER TABLE `danhmuc`
  ADD PRIMARY KEY (`id`);

--
-- Chỉ mục cho bảng `sanpham`
--
ALTER TABLE `sanpham`
  ADD PRIMARY KEY (`id`),
  ADD KEY `iddm` (`iddm`);

--
-- Chỉ mục cho bảng `taikhoan`
--
ALTER TABLE `taikhoan`
  ADD PRIMARY KEY (`id`);

--
-- AUTO_INCREMENT cho các bảng đã đổ
--

--
-- AUTO_INCREMENT cho bảng `binhluan`
--
ALTER TABLE `binhluan`
  MODIFY `id` int(10) NOT NULL AUTO_INCREMENT, AUTO_INCREMENT=205;

--
-- AUTO_INCREMENT cho bảng `danhmuc`
--
ALTER TABLE `danhmuc`
  MODIFY `id` int(11) NOT NULL AUTO_INCREMENT, AUTO_INCREMENT=24;

--
-- AUTO_INCREMENT cho bảng `sanpham`
--
ALTER TABLE `sanpham`
  MODIFY `id` int(11) NOT NULL AUTO_INCREMENT, AUTO_INCREMENT=39;

--
-- AUTO_INCREMENT cho bảng `taikhoan`
--
ALTER TABLE `taikhoan`
  MODIFY `id` int(11) NOT NULL AUTO_INCREMENT, AUTO_INCREMENT=58;

--
-- Các ràng buộc cho các bảng đã đổ
--

--
-- Các ràng buộc cho bảng `binhluan`
--
ALTER TABLE `binhluan`
  ADD CONSTRAINT `binhluan_ibfk_1` FOREIGN KEY (`idpro`) REFERENCES `sanpham` (`id`),
  ADD CONSTRAINT `binhluan_ibfk_2` FOREIGN KEY (`iduser`) REFERENCES `taikhoan` (`id`);

--
-- Các ràng buộc cho bảng `sanpham`
--
ALTER TABLE `sanpham`
  ADD CONSTRAINT `sanpham_ibfk_1` FOREIGN KEY (`iddm`) REFERENCES `danhmuc` (`id`);
COMMIT;

/*!40101 SET CHARACTER_SET_CLIENT=@OLD_CHARACTER_SET_CLIENT */;
/*!40101 SET CHARACTER_SET_RESULTS=@OLD_CHARACTER_SET_RESULTS */;
/*!40101 SET COLLATION_CONNECTION=@OLD_COLLATION_CONNECTION */;
